{
  "train_loss": [
    3.5447704283396404,
    3.288870030509101,
    2.9665295420752633,
    2.8688369443681503,
    2.7874737485249836,
    2.7519449943966334,
    2.6994132222069633,
    2.6792132388220895,
    2.622103844748603,
    2.6140180910958186,
    2.533384406831529,
    2.543923797607422,
    2.521409868664212,
    2.424244590335422,
    2.46789437505934,
    2.4390818638271754,
    2.439794265958998,
    2.3969643089506363,
    2.3626934221055773,
    2.3816444068484834,
    2.3151328500111896,
    2.258424842092726,
    2.2676757770114473,
    2.2540755701065063,
    2.2109568738937377,
    2.2422284401787653,
    2.234752295811971,
    2.1703531715604996,
    2.1582443205515545,
    2.215050720638699,
    2.1612897306018404,
    2.1324750640657215,
    2.1688218275705973,
    2.181819860140483,
    2.1437986522250707,
    2.071497325367398
  ],
  "train_acc": [
    5.08986512517442,
    17.246580124820834,
    29.37375337306628,
    33.589699391055234,
    37.00642624300973,
    38.28403514907684,
    40.54922003697902,
    41.29642384080283,
    43.540762650318406,
    44.60869262109137,
    46.72428841272659,
    46.47799418846309,
    47.85289126428831,
    51.58070828558936,
    50.08548320452984,
    50.84979937748071,
    51.331412782139545,
    53.68059354926555,
    55.03704959133281,
    54.01517506351117,
    57.120280969330324,
    59.56236283860921,
    59.43424797270049,
    59.3222523584316,
    61.90574510941393,
    60.17128084430557,
    61.25497449970815,
    63.40557067431067,
    64.54019945912978,
    61.97375686214035,
    64.8490026861784,
    65.63133043068623,
    64.38622984252096,
    63.72690190717817,
    65.39531800907594,
    68.49119208576253
  ],
  "val_loss": [
    3.428149213529613,
    2.702147410340505,
    2.315483615822988,
    2.1839265643733823,
    2.1301342363226903,
    2.1309168061164963,
    2.0708674257748747,
    2.0398021397525317,
    2.05235345396277,
    2.0512621027149565,
    2.018363147565763,
    2.010473708583884,
    2.0151991305285937,
    2.010810164556111,
    1.99144417619052,
    2.0198288600738734,
    2.018431759860418,
    2.0226748724506325,
    2.020280070500831,
    2.0201689200858546,
    2.0434938505904316,
    2.0315984618173886,
    2.0183336800091887,
    2.0020357909267896,
    2.026913394666698,
    2.0401479054803717,
    2.0368945059710986,
    2.077573011999261,
    2.0353953887338507,
    2.0438394105597717,
    2.0532855269027084,
    2.055403033347979,
    2.0647174021969104,
    2.075981701890083,
    2.082661300489347,
    2.066882469882704
  ],
  "val_acc": [
    14.530647235319332,
    44.149164166309475,
    54.56493784826404,
    59.708529789969994,
    59.87998285469353,
    59.708529789969994,
    62.323189027003856,
    64.68066866695243,
    62.79468495499357,
    62.88041148735534,
    64.68066866695243,
    65.75225032147449,
    64.42348906986713,
    65.58079725675097,
    65.19502786112302,
    64.9807115302186,
    64.7235319331333,
    64.85212173167595,
    64.42348906986713,
    64.466352336048,
    63.86626660951565,
    65.53793399057008,
    65.2378911273039,
    66.56665237891127,
    66.13801971710244,
    65.2378911273039,
    66.43806258036862,
    64.68066866695243,
    65.70938705529362,
    65.58079725675097,
    65.36648092584655,
    65.66652378911273,
    65.19502786112302,
    64.76639519931419,
    65.45220745820832,
    64.42348906986713
  ]
}